name,filetype,language,release_year,category
Air Buddies,AVI,English,2006,
Batman: Mask of the Phantasm,AVI,English,,
Bolt,AVI,English,,
Cars,AVI,English,,
Finding Nemo,AVI,English,,
Frozen,MP4,English,,
Horton Hears a Who!,AVI,English,,
Ice age,AVI,English,,
Ice age 2: The Meltdown,AVI,English,,
Ice Age3: Dawn of the Dinosaurs,AVI,English,,
Ice Age 4: Continental Drift,AVI,English,2012,
JUNGLEBOOK,AVI,English,,
Justice.League.Throne.of.Atlantis,AVI,English,2015,
Kungu Fu Panda,AVI,English,2008,
Madagascar,AVI,English,,
Madagascar-Escape,AVI,English,,
Mind Your Language Vol 1,AVI,English,1972,tv series
Donald Duck,Various,English,,cartoon
Manjadi,Various,Malayalam,,cartoon
Minnaminni,Various,Malayalam,,cartoon
Poochandi,MP4,Tamil,,cartoon
Pooppy,DAT,Malayalam,,cartoon
Ratatouille,AVI,English,2007,
Rhymes,Various,Various,,cartoon
Scooby Doo And The Samurai Sword,AVI,English,,
Spirit Stallion Of The Cimarron,AVI,English,,
Star Wars,AVI,English,,
Tangled,AVI,English,2010,
The Ant Bully,AVI,English,2006,
The Croods,MP4,English,2013,
Tim Burtons Corpse Bride,AVI,English,2005,
Toy story 3,AVI,English,,
Tom and Jerry,Various,English,,cartoon
UP,AVI,English,2009,
Youtube Clips,Various,Various,,cartoon
127 Hours,AVI,English,,
17 Again,AVI,English,,
27 Dresses,AVI,English,,
300,VOB,English,,
5 Days of War,AVI,English,2011,
50 First Dates,AVI,English,2004,
A Million Ways To Die In The West,MKV,English,2014,
A History Of Violence,AVI,English,,
Ace Ventura: Pet Detective,AVI,English,,
Across The Universe,AVI,English,2007,
American History X,AVI,English,1998,
American Pie The Book Of Love,AVI,English,,
Ong Bak,AVI,English,,
Operation Condor,AVI,English,,
Paranormal Activity,AVI,English,,
PEARL HARBER,AVI,English,,
Pirates of Silicon Valley,AVI,English,1999,
Predators,AVI,English,2010,
Psycho,AVI,English,1960,
Pulp Fiction,AVI,English,1994,
Rain Man,AVI,English,,
Requiem For A Dream,AVI,English,2000,
Road Trip Beer Pong,AVI,English,,
Robin Hood,AVI,English,2010,
RocknRolla,AVI,English,2008,
Running.Scared,AVI,English,2006,
The shining,,English,,
The Sixth Sense,,English,,
The Social Network,,English,,
The Terminal,,English,,
The Time Travelers Wife,,English,2009,
The Wolfman,,English,2010,
The Cable Guy,,English,,
The Da Vinci Code,,English,,
The Day The Earth Stood Still,,English,,
The Expendables,,English,,
The Listening 2006,,English,,
The mirror,,English,,
The Mystery Of The Taj Mahal,,English,,Documentary
The Pacifier,,English,,
The Pursuit Of Happyness,,English,,
Enchanted,,English,,
Enter the Void,,English,,
Face Off,,English,,
Fandango,,English,1985,
Fight Club,,English,,
First Strike,,English,,
Flawless,,English,,
Fugitive,,English,,
Full metal jacket,,English,,
In the Womb,,English,,Documentary
Inception,,English,2010,
Invictus,,English,,
Iron Man,,English,,
Jeepers Creepers,,English,,
Julie and Julia,,English,2009,
Katyn,,English,,
Kiss Kiss Bang Bang,,English,,
Knight Rider,,English,,
Brave Heart,,English,,
Edge of Darkness,,English,,
Get Smart,,English,,
Mission Impossible: Ghost Protocol,,English,2011,
Once Upon A Time In Mexico,,English,,
Scarface,,English,,
The Bourne Supremacy,,English,,
The Reader,,English,2008,
The Scorpion King Rise Of Warrior,,English,,
Bruce Almighty,,English,,
Bucket List,,English,,
Captain Phillips,,English,2013,
Casanova,,English,2005,
Casino Royale,,English,,
Chronicles Of Narnia -,,English,,
City of Men,,English,2007,
Cruel intentions,,English,,
Das Experiment,,English,2001,
Seabiscuit,,English,2003,
Sgt. Bilko,,English,1996,
Shanghai Knights,,English,,
Shattered Glass,,English,2003,
Sherlock Holmes,,English,2009,
Shoot Em Up,,English,,
Shutter Island,,English,2010,
Skyfall,,English,2012,
Slumdog Millionaire,,English,,
Source Code,,English,2011,
Spider Man  2,,English,2004,
Spider Man,,English,2002,
Taxi driver,,English,,
Terminator Salvation,,English,2009,
Bittersweet Life,,English,2005,
Leon - The Professional,,English,,
Let Me In,,English,,
Liar Liar,,English,,
Life Of Pi,,English,2012,
Lincoln,,English,2012,
Little Miss Sunshine,,English,,
Lucy,,English,2014,
Man On The Moon,,English,,
Memento,,English,,
Memories of  Murder,,English,,
Minority Report,,English,2002,
Mission Impossible,,English,,
The Curious Case of Benjamin Button,,English,,
The Dark Knight Rises,,English,2012,
The Dark Knight,,English,2008,
The Devils Rejects,,English,,
The Fog,,English,,
The Godfather,,English,1972,
The Godfather: Part II,,English,1974,
The Godfather: Part III,,English,1990,
The Gods Must Be Crazy,,English,,
The Gods Must Be Crazy II,,English,1989,
The Gods Must Be Crazy III,,English,1991,
The HangOver,,English,,
The Hangover Part III,,English,2013,
The Hurt Locker,,English,,
The Italian job,,English,,
The Karate Kid,,English,,
The Kite Runner,,English,2007,
The Last King Of Scotland,,English,,
The Legend of the Drunken Master,,English,,
The Maze Runner,,English,2014,
The Next Three Days,,English,2010,
The Prestige,,English,,
The Tourist,,English,,
The Wolf of Wall Street,,English,2013,
Angels & Demons,,English,,
Annabelle,,English,2014,
Apocalypto,,English,,
Argo,,English,2012,
August Rush,,English,2007,
Avatar,,English,,
Bad Teacher,,English,2011,
Basic Instinct,,English,,
Batman Begins,,English,,
Battle Los Angeles,,English,2011,
bella,,English,2006,
Beowulf,,English,,
Blue Streak,,English,,
TITANIC,,English,,
Transformers Revenge of the Fallen,,English,,
Two Night Stand,,English,2014,
Underworld Evolution,,English,,
Unfaithful,,English,,
Up In The Air,,English,2009,
Valkyrie,,English,,
Wanted,,English,,
We Bought Zoo,,English,2011,
Wolf,,English,,
X Men First Class,,English,2011,
X Men Origins Wolverine,,English,2009,
X Men,,English,2000,
Zero Dark Thirty,,English,,
Mission Impossible3,,English,,
Mouse Hunt,,English,,
Munich,,English,,
Mystic River,,English,2003,
National Treasure: Book Of Secrets,,English,,
New Police Story,,English,,
Oceans11,,English,,
Oceans12,,English,,
Oceans13,,English,,
Oldboy,,English,,
Once Upon A Time In America,,English,,
Ghost Rider,,English,,
Gladiator,,English,,
Golden Eye,,English,,
Gravity,,English,2013,
Gullivers Travels,,English,,
Hachiko: A Dog Tale,,English,2009,
Hell Boy,,English,,
How much do you love me,,English,,
How to Train Your Dragon,,English,2010,
How To Make Love To A Woman,,English,,
I Am Legend,,English,,
Dawn of the Planet of the Apes,,English,2014,
Death Race,,English,2008,
Dial M For Murder,,English,,
Die Another Day,,English,,
Die Hard,,English,,
District B13,,English,,
Django Unchained,,English,2012,
Dog Day Afternoon,,English,1975,
Doomsday,,English,,
Dumb and Dumber,,English,,
Bhoothnath,,Hindi,,
Don,,Hindi,,
Kahaani,,Hindi,,
Rang De Basanthi,,Hindi,,
3 Idiots,,Hindi,,
A Wednesday,,Hindi,,
Agent Vinod,,Hindi,,
All The Best,,Hindi,,
Aurangzeb,,Hindi,,
Barfi,,Hindi,,
Besharam,,Hindi,2013,
Bhaag Milkha Bhaag,,Hindi,2013,
Ek Tha Tiger,,Hindi,,
Fanaa,,Hindi,,
Gangs of Wasseypur,,Hindi,,
Gangs of Wasseypur 2,,Hindi,,
Gangster,,Hindi,,
Gori Tere Pyaar Mein,,Hindi,2013,
Gunday,,Hindi,,
Guru,,Hindi,,
Highway,,Hindi,,
Housefull 2,,Hindi,,
Jab Tak Hai Jaan,,Hindi,,
Jodha Akbar,,Hindi,,
Kabul Express,,Hindi,,
Rocket Singh,,Hindi,,
RockOn,,Hindi,,
Satya,,Hindi,,
Satyagraha,,Hindi,2013,
Shaitan,,Hindi,,
Shuddh Desi Romance,,Hindi,2013,
Student Of The Year,,Hindi,,
SWADESH,,Hindi,,
Taare Zameen Par,,Hindi,,
That Girl in Yellow Boots,,Hindi,,
The Dirty Picture,,Hindi,2011,
Tum Mile,,Hindi,,
Udaan,,Hindi,2010,
Vicky Donor,,Hindi,,
Wanted,,Hindi,2009,
Zindagi Na Milegi Dobara,,Hindi,,
LAGAAN,,Hindi,,
Main Tera Hero,,Hindi,,
Matru Ki Bijlee Ka Mandola,,Hindi,,
New York,,Hindi,,
Once Upon A Time in Mumbai,,Hindi,2010,
Pyar Ka Punchnama,,Hindi,,
RA One,,Hindi,,
Raanjhanaa,,Hindi,2013,
Raaz,,Hindi,,
Chennai Express,,Hindi,2013,
Cocktail,,Hindi,,
Dabangg,,Hindi,2010,
De Dana Dan,,Hindi,,
Dev D,,Hindi,,
DHOOM,,Hindi,,
Dil Chahta Hai,,Hindi,2001,
Bhramaram,,Malayalam,,
Big B,,Malayalam,,
Black Butterfly,,Malayalam,,
Body Guard,,Malayalam,2009,
Buddy,,Malayalam,2013,
Casanova,,Malayalam,,
Celluloid,,Malayalam,,
Chanakyan,,Malayalam,,
Chanthupottu,,Malayalam,,
Chappa Kurish,,Malayalam,2011,
Ivan Megharoopan,,Malayalam,2013,
Ivar Vivahitharayal,,Malayalam,,
Ividam Swargamanu,,Malayalam,,
Iyobinte Pusthakam,,Malayalam,2014,
Jagratha,,Malayalam,,
Janaadhipathyam,,Malayalam,,
Detective,,Malayalam,,
Drishyam,,Malayalam,2013,
Memories,,Malayalam,2013,
Mummy And Me,,Malayalam,2010,
My Boss,,Malayalam,,
Kaana Kanmani,,Malayalam,,
Kabuliwala,,Malayalam,,
Kakkothikkaavile Appooppan Thaadikal,,Malayalam,,
Kalimannu,,Malayalam,2013,
Kallyanaraman,,Malayalam,,
Karayilekku oru kadal dooram,,Malayalam,,
Karimbin Poovinakkare,,Malayalam,,
101 Chodyangal,,Malayalam,,
1983,,Malayalam,2014,
2 Harihar Nagar,,Malayalam,,
916,,Malayalam,,
Aakashathinte Niram,,Malayalam,,
Aaram Thamburan,,Malayalam,,
Aarya,,Malayalam,,
22 Female Kottayam,,Malayalam,,
Da Thadiya,,Malayalam,,
Daddy.Cool,,Malayalam,,
Gangster,,Malayalam,2014,
Idukki Gold,,Malayalam,2013,
Salt N Pepper,,Malayalam,,
ABCD,,Malayalam,,
Adaminte Makan Abu,,Malayalam,,
Adimakal Udamakal,,Malayalam,,
Adyathe kanmani,,Malayalam,,
POKKIRI RAJA,,Malayalam,,
poomukhappadiyil ninneyum kaathu,,Malayalam,,
Positive,,Malayalam,,
Pothan Vaava,,Malayalam,,
Prabhuvinte Makkal,,Malayalam,,
Pradeshika vartha,,Malayalam,,
Pranayam,,Malayalam,2011,
Pranjiyetten And The Saint,,Malayalam,,
Aaryan,,Malayalam,,
Abhimanyu,,Malayalam,,
Amayum Muyalum,,Malayalam,,
Aram+Aram Kinnaram,,Malayalam,,
Ayalvasiorudaridravasi,,Malayalam,,
BOEING BOEING,,Malayalam,,
Chithram,,Malayalam,,
Hello my dear wrong number,,Malayalam,,
Kakkakkuyil,,Malayalam,,
MAZHA PEYUUNNU MADALAM KOTTUNNU,,Malayalam,,
Megham,,Malayalam,,
Mukundetta Sumithra Vilikkunnu,,Malayalam,,
Oru Marubhoomi Katha,,Malayalam,2011,
Poochakoru mookuthy,,Malayalam,,
Thenmavin Kombath,,Malayalam,1994,
Vandanam,,Malayalam,,
Pullipulikalum Aattinkuttiyum,,Malayalam,,
Punyam Aham,,Malayalam,2010,
MALLU SING,,Malayalam,,
Manathe kottaram,,Malayalam,,
Manathe Vellitheru,,Malayalam,,
Mandrikam,,Malayalam,,
Manichitratazhu,,Malayalam,,
Manikyakallu,,Malayalam,,
Manjadikuru,,Malayalam,2013,
Mannarmathayi Speaking,,Malayalam,,
Manthra,,Malayalam,,
Marykkundoru Kunjaadu,,Malayalam,,
Masters,,Malayalam,,
MayaMohini,,Malayalam,,
Mazhavillazhakil Amma,,Malayalam,,tv show
Meesa Madhavan,,Malayalam,,
Bhoomyile Rajakkanmar,,Malayalam,,
Cocktail,,Malayalam,,
Mele Parambil Anveedu,,Malayalam,,
Naanayam,,Malayalam,,
Oru kochu bhoomikilukam,,Malayalam,,
Pappayude Swantham Appoos,,Malayalam,,
Puthiya Mukham,,Malayalam,,
TD. Dasan Std. VI,,Malayalam,,
Traffic,,Malayalam,,
Vatsalyam,,Malayalam,1993,
Thaappaana,,Malayalam,,
Thalappavu,,Malayalam,,
Thank You,,Malayalam,2013,
THANMATHRA,,Malayalam,,
Thanthoni,,Malayalam,,
Thattathin marayathu,,Malayalam,,
Thenkassi Pattanam,,Malayalam,,
Thenum vayambum,,Malayalam,,
Thilakkam,,Malayalam,,
Thira,,Malayalam,,
THIRAKKATHA,,Malayalam,,
Thooval Sparsam,,Malayalam,,
Thoovanathumbikal,,Malayalam,,
Tourist Home,,Malayalam,2013,
Tournament,,Malayalam,,
Nadan,,Malayalam,2013,
Nadiya Kollapetta Rathri,,Malayalam,,
Nadodi,,Malayalam,,
Nadodi Mannan,,Malayalam,2013,
Naduvazhikal,,Malayalam,,
Nagarangalil Chennu Raaparkkam,,Malayalam,,
Nagaravaridhi Naduvil Njan,,Malayalam,2014,
Naran,,Malayalam,,
Narasimham,,Malayalam,,
Natholi Oru Cheriya Meenalla,,Malayalam,,
Neelagiri,,Malayalam,,
Neelakasham Pachakadal Chuvanna Bhoomi,,Malayalam,,
Neelathamara,,Malayalam,,
Crazy Gopalan,,Malayalam,,
Daisy,,Malayalam,,
Daivathinte Swantham Cleetus,,Malayalam,2013,
Dasaratham,,Malayalam,,
Kayyop,,Malayalam,,
Kerala Cafe,,Malayalam,,
Kireedam,,Malayalam,,
Kochi Rajavu,,Malayalam,,
Kottayam Kunjachan,,Malayalam,,
Kunjananthante Kada,,Malayalam,2013,
Kurukshethra,,Malayalam,,
Kutty Srank,,Malayalam,2010,
ARIKE,,Malayalam,,
Artist,,Malayalam,,
August Club,,Malayalam,,
Avalude Raavukal,,Malayalam,,
Ayal,,Malayalam,2013,
Ayalum Njaanum Thammil,,Malayalam,,
Azhakiya Ravanan,,Malayalam,,
BABAKALYANI,,Malayalam,,
BACHELOR_PARTY,,Malayalam,,
Balyakalasakhi,,Malayalam,2014,
Bavuttiyude Naamathil,,Malayalam,,
Beautiful,,Malayalam,,
Before The Rains,,Malayalam,,
Best Actor,,Malayalam,,
Bharatham,,Malayalam,,
Amaram,,Malayalam,,
Chilambu,,Malayalam,,
Malootty,,Malayalam,,
Oru Sayahnathinte Swapnam,,Malayalam,,
Thazhvaram,,Malayalam,,
Vaishali,,Malayalam,,
Romans,,Malayalam,,
Romeo,,Malayalam,,
Run Babby Run,,Malayalam,,
Sadanandante Samayam,,Malayalam,,
Sagar Alias Jacky,,Malayalam,,
Sahasram,,Malayalam,,
Sakudumbam Syamala,,Malayalam,,
Salala Mobiles,,Malayalam,,
Sancharram,,Malayalam,,
Sarvakalashaala,,Malayalam,,
Nadodikattu,,Malayalam,,
Artham,,Malayalam,,
Bhagyadevatha,,Malayalam,,
Gandhi Nagar II Street,,Malayalam,,
Innathe Chinthavishayam,,Malayalam,,
Kalikkalam,,Malayalam,,
Kaliyil alpam karyam,,Malayalam,,
Katha Thudarunnu,,Malayalam,,
Kudumba puranam,,Malayalam,,
Manassinakkare,,Malayalam,,
My Dear Muthachan,,Malayalam,,
No1 Snehatheeram Blore North,,Malayalam,,
Pattanapravesham,,Malayalam,,
Pingami,,Malayalam,,
Ponmuttayidunna Tharavu,,Malayalam,,
Puthiya Theerangal,,Malayalam,,
Rasathantram,,Malayalam,,
Sandesham,,Malayalam,,
T P Balagopalam M A,,Malayalam,,
Thalayanamantram,,Malayalam,,
Varavelpu,,Malayalam,,
Vinodayathra,,Malayalam,,
Scene 1 Nammude Veedu,,Malayalam,,
Second Show,,Malayalam,2012,
Trivandrum Lodge,,Malayalam,,
Twenty20,,Malayalam,,
Udayananu Thaaram,,Malayalam,2005,
Unnam,,Malayalam,,
USTHAD HOTEL,,Malayalam,,
Utharam,,Malayalam,,
Vaanaprastham,,Malayalam,,
Vadakkunokkiyanthram,,Malayalam,,
Vairam,,Malayalam,,
Vallaatha Pahayan,,Malayalam,,
VASTHAVAM 2006,,Malayalam,,
Ekantham,,Malayalam,,
Elsamma Enna Aankutty,,Malayalam,2010,
English,,Malayalam,,
Ente Sooryaputhriku,,Malayalam,,
Ezhu Sundara Rathrikal,,Malayalam,2013,
FIR,,Malayalam,,
Friday,,Malayalam,,
Friends,,Malayalam,,
Garbhasreeman,,Malayalam,2014,
GRANDMASTER,,Malayalam,,
Gulumaal,,Malayalam,,
Hallo,,Malayalam,,
Happy Husbands,,Malayalam,,
HAPPYDAYS,,Malayalam,,
His Highness Abdulla,,Malayalam,,
Ottamandaram,,Malayalam,,
Ozhimuri,,Malayalam,2012,
Paavakoothu,,Malayalam,,
Padmarajan Hits,,Malayalam,,
Padmasree Bharat Dr. Saroj Kumar,,Malayalam,,
Pakal Nakshatrangal,,Malayalam,,
Pakida,,Malayalam,2014,
Palerimanikyam,,Malayalam,,
Papilio Budha,,Malayalam,,
Melvilasam,,Malayalam,2011,
Mimics Parade,,Malayalam,1991,
Minnaminnikkoottam,,Malayalam,,
Minnaminuniginum minnukettu,,Malayalam,,
Mizhikal Sakshi,,Malayalam,,
Mizhikalkkappuram,,Malayalam,,Short Film
Moonnam Mura,,Malayalam,,
Mukilla Rajyathu,,Malayalam,,
Mumbai Police,,Malayalam,2013,
My Big Father,,Malayalam,,
Mylanchi Monchulla Veedu,,Malayalam,,
Seniors,,Malayalam,,
Shikkar,,Malayalam,,
Simhakutty,,Malayalam,,
Sound Thoma,,Malayalam,,
Sound Of Boot,,Malayalam,,
SPEEDTRACK,,Malayalam,,
Sphatikam,,Malayalam,,
SPIRIT,,Malayalam,,
Sringara Velan,,Malayalam,2013,
Sufi Paranja Katha,,Malayalam,,
Sukrutham,,Malayalam,,
Sundharakilladi,,Malayalam,,
Swalee,,Malayalam,,
Ladies & Gentleman,,Malayalam,2013,
Lal Salam,,Malayalam,,
Left Right Left,,Malayalam,,
Lekhayude Maranam Oru Flashback,,Malayalam,1982,
Lelam,,Malayalam,1997,
Lion,,Malayalam,2006,
Loud Speaker,,Malayalam,,
Love In Singapore,,Malayalam,,
Makara Manju,,Malayalam,,
Makeup Man,,Malayalam,2011,
Malarvadi Arts Club,,Malayalam,2010,
Agni Devan,,Malayalam,,
Akasadooth,,Malayalam,,
Akkacheede Kunjuvaava,,Malayalam,,
Akkare ninnoru maran,,Malayalam,,
Amen,,Malayalam,,
Anasuya,,Malayalam,,
Anavalmothiram,,Malayalam,,
AniyanBavaChettanBava,,Malayalam,,
Annanthambi,,Malayalam,,
Anuraga Kottaram,,Malayalam,,
Apoorva Ragam,,Malayalam,2010,
Neram,,Malayalam,,
Ni Ko Nja Cha,,Malayalam,,
Nidra,,Malayalam,2012,
Njangalude Veettile Athidhikal,,Malayalam,,
No 66 Madhura Bus,,Malayalam,,
Nokatha Doorathu Kannum Nattu,,Malayalam,,
North 24 Kaatham,,Malayalam,2013,
Ohm Shanthi Oshaana,,Malayalam,,
Ordinary,,Malayalam,,
Ore Kadal,,Malayalam,,
Orissa,,Malayalam,2013,
Orkkappurathu,,Malayalam,,
Ormayundo EE Mukham,,Malayalam,2014,
Oru Indian Pranayakadha,,Malayalam,2013,
Hitler,,Malayalam,,
Honey Bee,,Malayalam,2013,
Houseful,,Malayalam,,
Husbands in Goa,,Malayalam,,
Immanuel,,Malayalam,,
In Ghost House Inn,,Malayalam,2010,
Indian Rupee,,Malayalam,,
Indrajalam,,Malayalam,,
Irakal,,Malayalam,1986,
Irupatham Noottandu,,Malayalam,,
Ithramathram,,Malayalam,,
Ithu Nammude Kadha,,Malayalam,,
Devasuram,,Malayalam,,
Dhwani,,Malayalam,,
Diamond Necklace,,Malayalam,,
Dr. Pasupathy,,Malayalam,,
Dracula,,Malayalam,,
Ee Parakkum Thalika,,Malayalam,,
Eee Adutha Kalathu,,Malayalam,,
Chapters,,Malayalam,,
Chattakari,,Malayalam,,
ChattambiNaadu,,Malayalam,,
Chenkol,,Malayalam,,
Chettayees,,Malayalam,,
Chinthavishtayaya Shyamala,,Malayalam,,
Chocolate,,Malayalam,,
Chotta Mumbai,,Malayalam,,
Christian Brothers,,Malayalam,,
"CID Unnikrishnan BA.,BEd",,Malayalam,,
CINEMA COMPANY,,Malayalam,,
CLASSMATES,,Malayalam,,
Climax,,Malayalam,,
Radio,,Malayalam,2013,
Rajamaanikyam,,Malayalam,,
Rajasilpi,,Malayalam,,
Rajavinte Makan,,Malayalam,,
Ramji Rao Speaking,,Malayalam,,
Ranjith Shankar Movies,,Malayalam,,
Rathi Nirvedam â€“ Old,,Malayalam,,
Rathinirvedham,,Malayalam,2011,
Red Chillies,,Malayalam,,
Red Wine,,Malayalam,,
Rithu,,Malayalam,,
RobinHood,,Malayalam,,
PappyAppacha,,Malayalam,,
Parudeesa,,Malayalam,,
Patham Nilayile Theevandi,,Malayalam,,
Pavam Pavam Rajakumaran,,Malayalam,,
Pazhassi Raja,,Malayalam,,
peruvanapurathe viseshaghal,,Malayalam,,
Philips and the Monkey Pen,,Malayalam,,
Veettilekkulla Vazhi,,Malayalam,,
Vellaripravinte Changathi,,Malayalam,,
Vidheyan,,Malayalam,,
Vietnam Colony,,Malayalam,1992,
Yakshi FY,,Malayalam,,
Yodha,,Malayalam,,
Yugapurushan,,Malayalam,,
Yuvajanolsavam,,Malayalam,,
Zachariayude Garbhinikal,,Malayalam,2013,
Aadukalam,,Tamil,2011,
Abiyum Naanum,,Tamil,,
Anbe Sivam,,Tamil,,
Angadi Theru,,Tamil,,
Anjaan,,Tamil,,
Anniyan,,Tamil,,
Aranmanai,,Tamil,,
Baasha,,Tamil,,
Kandhasamy,,Tamil,,
KANJANA,,Tamil,,
Kannathil muthamittal,,Tamil,,
Kathai Thiraikathai Vasanam Iyakkam,,Tamil,,
KO,,Tamil,,
Kumki,,Tamil,,
Kurivi,,Tamil,,
Kuruthipunal,,Tamil,,
M Kumaran S/o Mahalaksmi,,Tamil,,
Madrasipattnam,,Tamil,,
MANKATHA,,Tamil,,
Maryan,,Tamil,,
Mounam pesiyathe,,Tamil,,
Mynaa,,Tamil,2010,
Shivakashi,,Tamil,,
Sigaram Thodu,,Tamil,,
Singam,,Tamil,,
Soodhu Kavvum,,Tamil,,
Thalaiva,,Tamil,,
The Villa,,Tamil,,
Thenali,,Tamil,,
Thiruda Thiruda,,Tamil,,
Naan Ee,,Tamil,,
Naduvula Konjam Pakkatha Kaanom,,Tamil,,
Neerparavai,,Tamil,2012,
Nepaali,,Tamil,2008,
Paiyaa,,Tamil,,
Pannaiyarum Padminiyum,,Tamil,,
Passanga,,Tamil,,
Pizza,,Tamil,,
Pokkiri,,Tamil,,
Rajapattai,,Tamil,2012,
Ravanan,,Tamil,,
Ravanan,,Tamil,,
Eeram,,Tamil,,
Engeyum Eppodhum,,Tamil,,
English Vinglish,,Tamil,,
Enthiran,,Tamil,2010,
Ghajini,,Tamil,,
GOA,,Tamil,,
Guna,,Tamil,,
Indian,,Tamil,,
Iruvar,,Tamil,,
Jilla,,Tamil,,
Kaakha Kaakha,,Tamil,,
Kaaviya Thalaivan,,Tamil,,
Kanchivaram,,Tamil,2008,
Thuppaki,,Tamil,,
Unnai Pol Oruvan,,Tamil,,
Vaanam,,Tamil,,
VAARANAM AAYIRAM,,Tamil,,
Vedi,,Tamil,2011,
Vettaikkaran,,Tamil,,
Villu,,Tamil,2009,
Vinnaithaandi Varuvaaya,,Tamil,,
Billa,,Tamil,,
Billa,,Tamil,,
Sa Ro Ja,,Tamil,,
Thiruppachi,,Tamil,,
100% Love,,Telugu,2011,
Ala Modalaindi,,Telugu,2011,
Anaganaga O Dheerudu,,Telugu,2011,
Badrinath,,Telugu,2011,
Gaganam,,Telugu,2011,
Konchem Ishtam Konchem Kashtam,,Telugu,2009,
