"name","filetype","language","release_year","category"
"Get Hard","MKV","English",2015,
"Chicks.Dig.Gay.Guys","MP4","English",2014,
"Cinderella","MKV","English",2015,
"Inside Out","MKV","English",2015,
"Kill Me Three Times","MP4","English",2014,
"Paul Blart Mall Cop 2","MP4","English",2015,
"The Longest Ride","MP4","English",2015,
"Ted2","MP4","English",2015,
"Ek Paheli Leela","MP4","Hindi",2015,
"Hunterrr","MKV","Hindi",2015,
"Gabbar Is Back","MKV","Hindi",2015,
"Khoobsurat","MKV","Hindi",2014,
"Ek Hasina Thi","MKV","Hindi",2004,
"Rahasya","MKV","Hindi",2015,
"Chandrettan Evideya","MKV","Malayalam",2015,
"Aaranya Kaandam","MP4","Tamil",2010,
"Kaaka Muttai","MKV","Tamil",2015,
"Mass","AVI","Tamil",2015,
"Sarvadhipan","MKV","Malayalam",2015,
"Naan Sigappu Manithan","AVI","Tamil",2014,
"Pulivaal","MKV","Tamil",2014,
"Vaamanan","MP4","Tamil",2009,
"Kalakalappu","AVI","Tamil",2012,
"Kedi Billa Killadi Ranga","AVI","Tamil",2013,
"Focus","MKV","English",2015,
"Jupiter.Ascending","MKV","English",2015,
"Run.All.Night","MKV","English",2015,
"Unfinished.Business","MKV","English",2015,
"Spy","MKV","English",2015,
"Mumbai.Matinee","AVI","Hindi",2003,
"Chirakodinja Kinavukal ","MP4","Malayalam",2015,
"Ennum Eppozhum","MP4","Malayalam",2015,
